<?xml version="1.0" encoding="UTF-8"?>
<metadata xml:lang="en"><Esri><CreaDate>20221227</CreaDate><CreaTime>14245600</CreaTime><ArcGISFormat>1.0</ArcGISFormat><SyncOnce>TRUE</SyncOnce><DataProperties><lineage><Process ToolSource="c:\program files (x86)\arcgis\desktop10.8\ArcToolbox\Toolboxes\Spatial Analyst Tools.tbx\ExtractMultiValuesToPoints" Date="20221227" Time="142218">ExtractMultiValuesToPoints ArcticCarbonStock202212_PolarStereo "Bathy_IBACAO_v4_1_200m_under_ice.tif Elev_m" NONE</Process><Process ToolSource="c:\program files (x86)\arcgis\desktop10.8\ArcToolbox\Toolboxes\Data Management Tools.tbx\CalculateField" Date="20221227" Time="142319">CalculateField ArcticCarbonStock202212_PolarStereo Land 1 VB #</Process><Process ToolSource="c:\program files (x86)\arcgis\desktop10.8\ArcToolbox\Toolboxes\Data Management Tools.tbx\Copy" Date="20221227" Time="142456">Copy D:\Carbon_stock\ArcticCarbonStock202212_PolarStereo.shp D:\Carbon_stock\ArcticCarbonStock202212_water_PolarStereo.shp ShapeFile</Process></lineage><itemProps><itemLocation><linkage Sync="TRUE">file://\\RE-MMORITSCH732\D$\Carbon_stock\ArcticCarbonStock202212_water_PolarStereo</linkage><protocol Sync="TRUE">Local Area Network</protocol></itemLocation></itemProps><copyHistory><copy source="D:\Carbon_stock\ArcticCarbonStock202212_PolarStereo" dest="\\RE-MMORITSCH732\D$\Carbon_stock\ArcticCarbonStock202212_water_PolarStereo" date="20221227" time="14245600"></copy></copyHistory></DataProperties></Esri></metadata>
