<?xml version="1.0" encoding="UTF-8"?>
<metadata xml:lang="en"><Esri><CreaDate>20221227</CreaDate><CreaTime>14221800</CreaTime><ArcGISFormat>1.0</ArcGISFormat><SyncOnce>TRUE</SyncOnce><DataProperties><lineage><Process ToolSource="c:\program files (x86)\arcgis\desktop10.8\ArcToolbox\Toolboxes\Spatial Analyst Tools.tbx\ExtractMultiValuesToPoints" Date="20221227" Time="142218">ExtractMultiValuesToPoints ArcticCarbonStock202212_PolarStereo "Bathy_IBACAO_v4_1_200m_under_ice.tif Elev_m" NONE</Process><Process ToolSource="c:\program files (x86)\arcgis\desktop10.8\ArcToolbox\Toolboxes\Data Management Tools.tbx\CalculateField" Date="20221227" Time="142319">CalculateField ArcticCarbonStock202212_PolarStereo Land 1 VB #</Process></lineage></DataProperties></Esri></metadata>
